{
    "OWNER": {
        "uuid": "c8caad2f-1d2d-4910-8e23-bf2d7cd27b3f",
        "total_limit_bytes": 1073741824,
        "used_bytes": 53341863,
        "clean_ip": "172.64.149.23",
        "status": "OFFLINE",
        "last_active_time": 1780243404.4751391,
        "down_speed": 0,
        "up_speed": 0,
        "created_at": 1780242883,
        "expire_seconds": 2592000,
        "active": true
    },
    "kill_pv2": {
        "uuid": "ea31de5b-ae1b-45f2-a26c-adc6861b9151",
        "total_limit_bytes": 0,
        "used_bytes": 1909186224,
        "clean_ip": "172.64.149.23",
        "status": "OFFLINE",
        "last_active_time": 1781100273.0488324,
        "down_speed": 0,
        "up_speed": 0,
        "created_at": 1780242922,
        "expire_seconds": 864000000000000000,
        "active": true
    }
}